{
"lengthUnit": "mil",
"components": {
	"fields": ["COMPONENT_NO", "COMPONENT_NAME", "LAYER", "X_COORDINATE", "Y_COORDINATE", "ANGLE"],
	"rows": [
		[1, "C1", "T", -1330, -380, 90],
		[2, "C2", "T", -1105, -380, 90],
		[3, "C3", "T", -895, -295, 90],
		[4, "C4", "T", -895, -425, 270],
		[5, "C7", "T", -870, 295, 90],
		[6, "C8", "T", -1165, 295, 270],
		[7, "C11", "T", 1445, -305, 0],
		[8, "C17", "T", 1110, 385, 90],
		[9, "C18", "T", 750, 385, 90],
		[10, "CAN1", "B", 405, 350, 90],
		[11, "CONN1", "B", -50, 250, 180],
		[12, "DEBUG2", "B", 0, -200, 180],
		[13, "H1", "B", 1675, 415, 0],
		[14, "H2", "B", -1850, 380, 180],
		[15, "L1", "T", -995, -380, 90],
		[16, "LED0", "T", -1960, 0, 180],
		[17, "LED1", "T", -1680, 0, 180],
		[18, "LED2", "T", -1400, 0, 180],
		[19, "LED3", "T", -1120, 0, 180],
		[20, "LED4", "T", -840, 0, 180],
		[21, "LED5", "T", -560, 0, 180],
		[22, "LED6", "T", -280, 0, 180],
		[23, "LED7", "T", 0, 0, 180],
		[24, "LED8", "T", 280, 0, 180],
		[25, "LED9", "T", 560, 0, 180],
		[26, "LED10", "T", 840, 0, 180],
		[27, "LED11", "T", 1120, 0, 180],
		[28, "LED12", "T", 1400, 0, 180],
		[29, "LED13", "T", 1680, 0, 180],
		[30, "LED14", "T", 1960, 0, 180],
		[31, "LED_D4", "B", 1969.87, -371.37, 180],
		[32, "LED_PWR1", "B", -1320, 295, 90],
		[33, "R1", "T", -1160, -210, 0],
		[34, "R2", "T", -1295, -210, 0],
		[35, "R5", "T", -1240, 295, 90],
		[36, "R6", "B", 2121.58, -371.37, 180],
		[37, "R9", "T", 1445, -380, 180],
		[38, "R10", "B", 685, 285, 270],
		[39, "R11", "T", -1675, -300, 270],
		[40, "R12", "T", -1925, -300, 90],
		[41, "R13", "T", -210, 360, 0],
		[42, "R14", "T", -210, 430, 180],
		[43, "R15", "T", -415, 380, 180],
		[44, "R16", "T", -415, 445, 180],
		[45, "TERM1", "B", 685, 460, 0],
		[46, "U1", "B", 1175, -160, 90],
		[47, "U2", "T", -1220, -380, 90],
		[48, "U3", "T", -1010, 325, 0],
		[49, "U5", "T", 935, 385, 90],
		[50, "U6", "T", -1800.61, -300.81, 0]
	]
},
"pins": {
	"fields": ["PIN_NO", "PIN_NAME", "PIN_X", "PIN_Y", "LAYER", "PIN_TYPE", "NET_NAME", "NET_TYPE", "PAD_SHAPE", "PAD_SIZEX", "PAD_SIZEY", "HOLE_SIZE", "PAD_ANGLE"],
	"rows": [
		[1, "C1_1", -1330, -407.56, "T", "SMD", "VCC", "", "R", 31.5, 35.43, 0, 90],
		[2, "C1_2", -1330, -352.44, "T", "SMD", "GND", "GND", "R", 31.5, 35.43, 0, 90],
		[3, "C2_1", -1105, -407.56, "T", "SMD", "$2N619", "", "R", 31.5, 35.43, 0, 90],
		[4, "C2_2", -1105, -352.44, "T", "SMD", "$2N618", "", "R", 31.5, 35.43, 0, 90],
		[5, "C3_1", -895, -322.56, "T", "SMD", "+5V", "", "R", 31.5, 35.43, 0, 90],
		[6, "C3_2", -895, -267.44, "T", "SMD", "$2N622", "", "R", 31.5, 35.43, 0, 90],
		[7, "C4_1", -895, -397.44, "T", "SMD", "+5V", "", "R", 31.5, 35.43, 0, 270],
		[8, "C4_2", -895, -452.56, "T", "SMD", "GND", "GND", "R", 31.5, 35.43, 0, 270],
		[9, "C7_1", -870, 267.44, "T", "SMD", "+5V", "", "R", 31.5, 35.43, 0, 90],
		[10, "C7_2", -870, 322.56, "T", "SMD", "GND", "GND", "R", 31.5, 35.43, 0, 90],
		[11, "C8_1", -1165, 322.56, "T", "SMD", "+3V3", "", "R", 31.5, 35.43, 0, 270],
		[12, "C8_2", -1165, 267.44, "T", "SMD", "GND", "GND", "R", 31.5, 35.43, 0, 270],
		[13, "C11_1", 1417.44, -305, "T", "SMD", "EN", "", "R", 31.5, 35.43, 0, 0],
		[14, "C11_2", 1472.56, -305, "T", "SMD", "GND", "GND", "R", 31.5, 35.43, 0, 0],
		[15, "C17_1", 1110, 357.44, "T", "SMD", "GND", "GND", "R", 31.5, 35.43, 0, 90],
		[16, "C17_2", 1110, 412.56, "T", "SMD", "+5V", "", "R", 31.5, 35.43, 0, 90],
		[17, "C18_1", 750, 357.44, "T", "SMD", "+3V3", "", "R", 31.5, 35.43, 0, 90],
		[18, "C18_2", 750, 412.56, "T", "SMD", "GND", "GND", "R", 31.5, 35.43, 0, 90],
		[19, "CAN1_1", 405, 300, "T", "DIP", "CAN_H", "", "R", 70.87, 70.87, 39.37, 90],
		[20, "CAN1_1", 405, 300, "B", "DIP", "CAN_H", "", "R", 70.87, 70.87, 39.37, 90],
		[21, "CAN1_2", 405, 400, "T", "DIP", "CAN_L", "", "C", 70.87, 70.87, 39.37, 90],
		[22, "CAN1_2", 405, 400, "B", "DIP", "CAN_L", "", "C", 70.87, 70.87, 39.37, 90],
		[23, "CONN1_1", 200, 250, "T", "DIP", "VCC", "", "R", 70.87, 70.87, 47.24, 180],
		[24, "CONN1_1", 200, 250, "B", "DIP", "VCC", "", "R", 70.87, 70.87, 47.24, 180],
		[25, "CONN1_2", 100, 250, "T", "DIP", "CAN_H", "", "C", 70.87, 70.87, 47.24, 180],
		[26, "CONN1_2", 100, 250, "B", "DIP", "CAN_H", "", "C", 70.87, 70.87, 47.24, 180],
		[27, "CONN1_3", 0, 250, "T", "DIP", "CAN_L", "", "C", 70.87, 70.87, 47.24, 180],
		[28, "CONN1_3", 0, 250, "B", "DIP", "CAN_L", "", "C", 70.87, 70.87, 47.24, 180],
		[29, "CONN1_4", -100, 250, "T", "DIP", "GND", "GND", "C", 70.87, 70.87, 47.24, 180],
		[30, "CONN1_4", -100, 250, "B", "DIP", "GND", "GND", "C", 70.87, 70.87, 47.24, 180],
		[31, "CONN1_5", -200, 250, "T", "DIP", "SENS1_12V", "", "C", 70.87, 70.87, 47.24, 180],
		[32, "CONN1_5", -200, 250, "B", "DIP", "SENS1_12V", "", "C", 70.87, 70.87, 47.24, 180],
		[33, "CONN1_6", -300, 250, "T", "DIP", "SENS2_12V", "", "C", 70.87, 70.87, 47.24, 180],
		[34, "CONN1_6", -300, 250, "B", "DIP", "SENS2_12V", "", "C", 70.87, 70.87, 47.24, 180],
		[35, "DEBUG2_1", 250, -200, "T", "DIP", "+5V", "", "R", 70.87, 62.99, 40.16, 180],
		[36, "DEBUG2_1", 250, -200, "B", "DIP", "+5V", "", "R", 70.87, 62.99, 40.16, 180],
		[37, "DEBUG2_2", 150, -200, "T", "DIP", "D-", "", "C", 62.99, 62.99, 40.16, 180],
		[38, "DEBUG2_2", 150, -200, "B", "DIP", "D-", "", "C", 62.99, 62.99, 40.16, 180],
		[39, "DEBUG2_3", 50, -200, "T", "DIP", "D+", "", "C", 62.99, 62.99, 40.16, 180],
		[40, "DEBUG2_3", 50, -200, "B", "DIP", "D+", "", "C", 62.99, 62.99, 40.16, 180],
		[41, "DEBUG2_4", -50, -200, "T", "DIP", "BOOT", "", "C", 62.99, 62.99, 40.16, 180],
		[42, "DEBUG2_4", -50, -200, "B", "DIP", "BOOT", "", "C", 62.99, 62.99, 40.16, 180],
		[43, "DEBUG2_5", -150, -200, "T", "DIP", "EN", "", "C", 62.99, 62.99, 40.16, 180],
		[44, "DEBUG2_5", -150, -200, "B", "DIP", "EN", "", "C", 62.99, 62.99, 40.16, 180],
		[45, "DEBUG2_6", -250, -200, "T", "DIP", "GND", "GND", "C", 62.99, 62.99, 40.16, 180],
		[46, "DEBUG2_6", -250, -200, "B", "DIP", "GND", "GND", "C", 62.99, 62.99, 40.16, 180],
		[47, "H1_1", 1575, 491.77, "B", "SMD", "+3V3", "", "R", 29.92, 94.49, 0, 0],
		[48, "H1_2", 1575, 338.23, "B", "SMD", "TMS", "", "R", 29.92, 94.49, 0, 0],
		[49, "H1_3", 1625, 491.77, "B", "SMD", "GND", "GND", "R", 29.92, 94.49, 0, 0],
		[50, "H1_4", 1625, 338.23, "B", "SMD", "TCK", "", "R", 29.92, 94.49, 0, 0],
		[51, "H1_5", 1675, 491.77, "B", "SMD", "GND", "GND", "R", 29.92, 94.49, 0, 0],
		[52, "H1_6", 1675, 338.23, "B", "SMD", "TDO", "", "R", 29.92, 94.49, 0, 0],
		[53, "H1_7", 1725, 491.77, "B", "SMD", "GND", "GND", "R", 29.92, 94.49, 0, 0],
		[54, "H1_8", 1725, 338.23, "B", "SMD", "TDI", "", "R", 29.92, 94.49, 0, 0],
		[55, "H1_9", 1775, 491.77, "B", "SMD", "GND", "GND", "R", 29.92, 94.49, 0, 0],
		[56, "H1_10", 1775, 338.23, "B", "SMD", "H1_10", "", "R", 29.92, 94.49, 0, 0],
		[57, "H2_1", -1700, 380, "T", "DIP", "GND", "GND", "R", 66.93, 66.93, 43.31, 180],
		[58, "H2_1", -1700, 380, "B", "DIP", "GND", "GND", "R", 66.93, 66.93, 43.31, 180],
		[59, "H2_2", -1800, 380, "T", "DIP", "+3V3", "", "C", 66.93, 66.93, 43.31, 180],
		[60, "H2_2", -1800, 380, "B", "DIP", "+3V3", "", "C", 66.93, 66.93, 43.31, 180],
		[61, "H2_3", -1900, 380, "T", "DIP", "+5V", "", "C", 66.93, 66.93, 43.31, 180],
		[62, "H2_3", -1900, 380, "B", "DIP", "+5V", "", "C", 66.93, 66.93, 43.31, 180],
		[63, "H2_4", -2000, 380, "T", "DIP", "VCC", "", "C", 66.93, 66.93, 43.31, 180],
		[64, "H2_4", -2000, 380, "B", "DIP", "VCC", "", "C", 66.93, 66.93, 43.31, 180],
		[65, "L1_1", -995, -447.05, "T", "SMD", "$2N619", "", "R", 58.03, 87.4, 0, 270],
		[66, "L1_2", -995, -312.95, "T", "SMD", "+5V", "", "R", 58.03, 87.4, 0, 270],
		[67, "LED0_1", -1865.51, -62.99, "T", "SMD", "LED0_1", "", "R", 59.05, 39.37, 0, 180],
		[68, "LED0_2", -1865.51, 0, "T", "SMD", "VCC", "", "R", 59.05, 39.37, 0, 180],
		[69, "LED0_3", -1865.51, 62.99, "T", "SMD", "$4N584", "", "R", 59.05, 39.37, 0, 180],
		[70, "LED0_4", -2054.49, 62.99, "T", "SMD", "DIN5V", "", "R", 59.05, 39.37, 0, 180],
		[71, "LED0_5", -2054.49, 0, "T", "SMD", "GND", "GND", "R", 59.05, 39.37, 0, 180],
		[72, "LED0_6", -2054.49, -62.99, "T", "SMD", "GND", "GND", "R", 59.05, 39.37, 0, 180],
		[73, "LED1_1", -1585.51, -62.99, "T", "SMD", "LED1_1", "", "R", 59.05, 39.37, 0, 180],
		[74, "LED1_2", -1585.51, 0, "T", "SMD", "VCC", "", "R", 59.05, 39.37, 0, 180],
		[75, "LED1_3", -1585.51, 62.99, "T", "SMD", "$4N731", "", "R", 59.05, 39.37, 0, 180],
		[76, "LED1_4", -1774.49, 62.99, "T", "SMD", "$4N584", "", "R", 59.05, 39.37, 0, 180],
		[77, "LED1_5", -1774.49, 0, "T", "SMD", "GND", "GND", "R", 59.05, 39.37, 0, 180],
		[78, "LED1_6", -1774.49, -62.99, "T", "SMD", "DIN5V", "", "R", 59.05, 39.37, 0, 180],
		[79, "LED2_1", -1305.51, -62.99, "T", "SMD", "LED2_1", "", "R", 59.05, 39.37, 0, 180],
		[80, "LED2_2", -1305.51, 0, "T", "SMD", "VCC", "", "R", 59.05, 39.37, 0, 180],
		[81, "LED2_3", -1305.51, 62.99, "T", "SMD", "$4N815", "", "R", 59.05, 39.37, 0, 180],
		[82, "LED2_4", -1494.49, 62.99, "T", "SMD", "$4N731", "", "R", 59.05, 39.37, 0, 180],
		[83, "LED2_5", -1494.49, 0, "T", "SMD", "GND", "GND", "R", 59.05, 39.37, 0, 180],
		[84, "LED2_6", -1494.49, -62.99, "T", "SMD", "$4N584", "", "R", 59.05, 39.37, 0, 180],
		[85, "LED3_1", -1025.51, -62.99, "T", "SMD", "LED3_1", "", "R", 59.05, 39.37, 0, 180],
		[86, "LED3_2", -1025.51, 0, "T", "SMD", "VCC", "", "R", 59.05, 39.37, 0, 180],
		[87, "LED3_3", -1025.51, 62.99, "T", "SMD", "$4N968", "", "R", 59.05, 39.37, 0, 180],
		[88, "LED3_4", -1214.49, 62.99, "T", "SMD", "$4N815", "", "R", 59.05, 39.37, 0, 180],
		[89, "LED3_5", -1214.49, 0, "T", "SMD", "GND", "GND", "R", 59.05, 39.37, 0, 180],
		[90, "LED3_6", -1214.49, -62.99, "T", "SMD", "$4N731", "", "R", 59.05, 39.37, 0, 180],
		[91, "LED4_1", -745.51, -62.99, "T", "SMD", "LED4_1", "", "R", 59.05, 39.37, 0, 180],
		[92, "LED4_2", -745.51, 0, "T", "SMD", "VCC", "", "R", 59.05, 39.37, 0, 180],
		[93, "LED4_3", -745.51, 62.99, "T", "SMD", "$4N1052", "", "R", 59.05, 39.37, 0, 180],
		[94, "LED4_4", -934.49, 62.99, "T", "SMD", "$4N968", "", "R", 59.05, 39.37, 0, 180],
		[95, "LED4_5", -934.49, 0, "T", "SMD", "GND", "GND", "R", 59.05, 39.37, 0, 180],
		[96, "LED4_6", -934.49, -62.99, "T", "SMD", "$4N815", "", "R", 59.05, 39.37, 0, 180],
		[97, "LED5_1", -465.51, -62.99, "T", "SMD", "LED5_1", "", "R", 59.05, 39.37, 0, 180],
		[98, "LED5_2", -465.51, 0, "T", "SMD", "VCC", "", "R", 59.05, 39.37, 0, 180],
		[99, "LED5_3", -465.51, 62.99, "T", "SMD", "$4N1136", "", "R", 59.05, 39.37, 0, 180],
		[100, "LED5_4", -654.49, 62.99, "T", "SMD", "$4N1052", "", "R", 59.05, 39.37, 0, 180],
		[101, "LED5_5", -654.49, 0, "T", "SMD", "GND", "GND", "R", 59.05, 39.37, 0, 180],
		[102, "LED5_6", -654.49, -62.99, "T", "SMD", "$4N968", "", "R", 59.05, 39.37, 0, 180],
		[103, "LED6_1", -185.51, -62.99, "T", "SMD", "LED6_1", "", "R", 59.05, 39.37, 0, 180],
		[104, "LED6_2", -185.51, 0, "T", "SMD", "VCC", "", "R", 59.05, 39.37, 0, 180],
		[105, "LED6_3", -185.51, 62.99, "T", "SMD", "$4N1220", "", "R", 59.05, 39.37, 0, 180],
		[106, "LED6_4", -374.49, 62.99, "T", "SMD", "$4N1136", "", "R", 59.05, 39.37, 0, 180],
		[107, "LED6_5", -374.49, 0, "T", "SMD", "GND", "GND", "R", 59.05, 39.37, 0, 180],
		[108, "LED6_6", -374.49, -62.99, "T", "SMD", "$4N1052", "", "R", 59.05, 39.37, 0, 180],
		[109, "LED7_1", 94.49, -62.99, "T", "SMD", "LED7_1", "", "R", 59.05, 39.37, 0, 180],
		[110, "LED7_2", 94.49, 0, "T", "SMD", "VCC", "", "R", 59.05, 39.37, 0, 180],
		[111, "LED7_3", 94.49, 62.99, "T", "SMD", "$4N1361", "", "R", 59.05, 39.37, 0, 180],
		[112, "LED7_4", -94.49, 62.99, "T", "SMD", "$4N1220", "", "R", 59.05, 39.37, 0, 180],
		[113, "LED7_5", -94.49, 0, "T", "SMD", "GND", "GND", "R", 59.05, 39.37, 0, 180],
		[114, "LED7_6", -94.49, -62.99, "T", "SMD", "$4N1136", "", "R", 59.05, 39.37, 0, 180],
		[115, "LED8_1", 374.49, -62.99, "T", "SMD", "LED8_1", "", "R", 59.05, 39.37, 0, 180],
		[116, "LED8_2", 374.49, 0, "T", "SMD", "VCC", "", "R", 59.05, 39.37, 0, 180],
		[117, "LED8_3", 374.49, 62.99, "T", "SMD", "$4N1435", "", "R", 59.05, 39.37, 0, 180],
		[118, "LED8_4", 185.51, 62.99, "T", "SMD", "$4N1361", "", "R", 59.05, 39.37, 0, 180],
		[119, "LED8_5", 185.51, 0, "T", "SMD", "GND", "GND", "R", 59.05, 39.37, 0, 180],
		[120, "LED8_6", 185.51, -62.99, "T", "SMD", "$4N1220", "", "R", 59.05, 39.37, 0, 180],
		[121, "LED9_1", 654.49, -62.99, "T", "SMD", "LED9_1", "", "R", 59.05, 39.37, 0, 180],
		[122, "LED9_2", 654.49, 0, "T", "SMD", "VCC", "", "R", 59.05, 39.37, 0, 180],
		[123, "LED9_3", 654.49, 62.99, "T", "SMD", "$4N1589", "", "R", 59.05, 39.37, 0, 180],
		[124, "LED9_4", 465.51, 62.99, "T", "SMD", "$4N1435", "", "R", 59.05, 39.37, 0, 180],
		[125, "LED9_5", 465.51, 0, "T", "SMD", "GND", "GND", "R", 59.05, 39.37, 0, 180],
		[126, "LED9_6", 465.51, -62.99, "T", "SMD", "$4N1361", "", "R", 59.05, 39.37, 0, 180],
		[127, "LED10_1", 934.49, -62.99, "T", "SMD", "LED10_1", "", "R", 59.05, 39.37, 0, 180],
		[128, "LED10_2", 934.49, 0, "T", "SMD", "VCC", "", "R", 59.05, 39.37, 0, 180],
		[129, "LED10_3", 934.49, 62.99, "T", "SMD", "$4N1678", "", "R", 59.05, 39.37, 0, 180],
		[130, "LED10_4", 745.51, 62.99, "T", "SMD", "$4N1589", "", "R", 59.05, 39.37, 0, 180],
		[131, "LED10_5", 745.51, 0, "T", "SMD", "GND", "GND", "R", 59.05, 39.37, 0, 180],
		[132, "LED10_6", 745.51, -62.99, "T", "SMD", "$4N1435", "", "R", 59.05, 39.37, 0, 180],
		[133, "LED11_1", 1214.49, -62.99, "T", "SMD", "LED11_1", "", "R", 59.05, 39.37, 0, 180],
		[134, "LED11_2", 1214.49, 0, "T", "SMD", "VCC", "", "R", 59.05, 39.37, 0, 180],
		[135, "LED11_3", 1214.49, 62.99, "T", "SMD", "$4N1762", "", "R", 59.05, 39.37, 0, 180],
		[136, "LED11_4", 1025.51, 62.99, "T", "SMD", "$4N1678", "", "R", 59.05, 39.37, 0, 180],
		[137, "LED11_5", 1025.51, 0, "T", "SMD", "GND", "GND", "R", 59.05, 39.37, 0, 180],
		[138, "LED11_6", 1025.51, -62.99, "T", "SMD", "$4N1589", "", "R", 59.05, 39.37, 0, 180],
		[139, "LED12_1", 1494.49, -62.99, "T", "SMD", "LED12_1", "", "R", 59.05, 39.37, 0, 180],
		[140, "LED12_2", 1494.49, 0, "T", "SMD", "VCC", "", "R", 59.05, 39.37, 0, 180],
		[141, "LED12_3", 1494.49, 62.99, "T", "SMD", "$4N1846", "", "R", 59.05, 39.37, 0, 180],
		[142, "LED12_4", 1305.51, 62.99, "T", "SMD", "$4N1762", "", "R", 59.05, 39.37, 0, 180],
		[143, "LED12_5", 1305.51, 0, "T", "SMD", "GND", "GND", "R", 59.05, 39.37, 0, 180],
		[144, "LED12_6", 1305.51, -62.99, "T", "SMD", "$4N1678", "", "R", 59.05, 39.37, 0, 180],
		[145, "LED13_1", 1774.49, -62.99, "T", "SMD", "LED13_1", "", "R", 59.05, 39.37, 0, 180],
		[146, "LED13_2", 1774.49, 0, "T", "SMD", "VCC", "", "R", 59.05, 39.37, 0, 180],
		[147, "LED13_3", 1774.49, 62.99, "T", "SMD", "$4N1854", "", "R", 59.05, 39.37, 0, 180],
		[148, "LED13_4", 1585.51, 62.99, "T", "SMD", "$4N1846", "", "R", 59.05, 39.37, 0, 180],
		[149, "LED13_5", 1585.51, 0, "T", "SMD", "GND", "GND", "R", 59.05, 39.37, 0, 180],
		[150, "LED13_6", 1585.51, -62.99, "T", "SMD", "$4N1762", "", "R", 59.05, 39.37, 0, 180],
		[151, "LED14_1", 2054.49, -62.99, "T", "SMD", "LED14_1", "", "R", 59.05, 39.37, 0, 180],
		[152, "LED14_2", 2054.49, 0, "T", "SMD", "VCC", "", "R", 59.05, 39.37, 0, 180],
		[153, "LED14_3", 2054.49, 62.99, "T", "SMD", "LED14_3", "", "R", 59.05, 39.37, 0, 180],
		[154, "LED14_4", 1865.51, 62.99, "T", "SMD", "$4N1854", "", "R", 59.05, 39.37, 0, 180],
		[155, "LED14_5", 1865.51, 0, "T", "SMD", "GND", "GND", "R", 59.05, 39.37, 0, 180],
		[156, "LED14_6", 1865.51, -62.99, "T", "SMD", "$4N1846", "", "R", 59.05, 39.37, 0, 180],
		[157, "LED_D4_1", 1936.37, -371.37, "B", "SMD", "LED", "", "R", 31.5, 31.5, 0, 90],
		[158, "LED_D4_2", 2003.37, -371.37, "B", "SMD", "$1N1516", "", "R", 31.5, 31.5, 0, 90],
		[159, "LED_PWR1_1", -1320.13, 263.52, "B", "SMD", "$2N633", "", "R", 31.5, 31.5, 0, 0],
		[160, "LED_PWR1_2", -1319.86, 326.48, "B", "SMD", "+3V3", "", "R", 31.5, 31.5, 0, 0],
		[161, "R1_1", -1189.66, -210, "T", "SMD", "$2N622", "", "R", 31.75, 34.02, 0, 0],
		[162, "R1_2", -1130.34, -210, "T", "SMD", "+5V", "", "R", 31.75, 34.02, 0, 0],
		[163, "R2_1", -1324.66, -210, "T", "SMD", "GND", "GND", "R", 31.75, 34.02, 0, 0],
		[164, "R2_2", -1265.34, -210, "T", "SMD", "$2N622", "", "R", 31.75, 34.02, 0, 0],
		[165, "R5_1", -1240, 265.34, "T", "SMD", "GND", "GND", "R", 31.75, 34.02, 0, 90],
		[166, "R5_2", -1240, 324.66, "T", "SMD", "$2N633", "", "R", 31.75, 34.02, 0, 90],
		[167, "R6_1", 2151.24, -371.37, "B", "SMD", "GND", "GND", "R", 31.75, 34.02, 0, 180],
		[168, "R6_2", 2091.92, -371.37, "B", "SMD", "$1N1516", "", "R", 31.75, 34.02, 0, 180],
		[169, "R9_1", 1474.66, -380, "T", "SMD", "+3V3", "", "R", 31.75, 34.02, 0, 180],
		[170, "R9_2", 1415.34, -380, "T", "SMD", "EN", "", "R", 31.75, 34.02, 0, 180],
		[171, "R10_1", 685, 314.66, "B", "SMD", "$3N312", "", "R", 31.75, 34.02, 0, 270],
		[172, "R10_2", 685, 255.34, "B", "SMD", "CAN_H", "", "R", 31.75, 34.02, 0, 270],
		[173, "R11_1", -1675, -270.34, "T", "SMD", "DIN", "", "R", 31.75, 34.02, 0, 270],
		[174, "R11_2", -1675, -329.66, "T", "SMD", "+3V3", "", "R", 31.75, 34.02, 0, 270],
		[175, "R12_1", -1925, -329.66, "T", "SMD", "DIN5V", "", "R", 31.75, 34.02, 0, 90],
		[176, "R12_2", -1925, -270.34, "T", "SMD", "+5V", "", "R", 31.75, 34.02, 0, 90],
		[177, "R13_1", -239.66, 360, "T", "SMD", "SENS1_12V", "", "R", 31.75, 34.02, 0, 0],
		[178, "R13_2", -180.34, 360, "T", "SMD", "SENS1", "", "R", 31.75, 34.02, 0, 0],
		[179, "R14_1", -180.34, 430, "T", "SMD", "SENS1", "", "R", 31.75, 34.02, 0, 180],
		[180, "R14_2", -239.66, 430, "T", "SMD", "GND", "GND", "R", 31.75, 34.02, 0, 180],
		[181, "R15_1", -385.34, 380, "T", "SMD", "SENS2_12V", "", "R", 31.75, 34.02, 0, 180],
		[182, "R15_2", -444.66, 380, "T", "SMD", "SENS2", "", "R", 31.75, 34.02, 0, 180],
		[183, "R16_1", -385.34, 445, "T", "SMD", "SENS2", "", "R", 31.75, 34.02, 0, 180],
		[184, "R16_2", -444.66, 445, "T", "SMD", "GND", "GND", "R", 31.75, 34.02, 0, 180],
		[185, "TERM1_1", 645.63, 397.99, "B", "SMD", "CAN_L", "", "R", 27.56, 51.18, 0, 0],
		[186, "TERM1_2", 685, 397.99, "B", "SMD", "$3N312", "", "R", 27.56, 51.18, 0, 0],
		[187, "TERM1_3", 724.37, 397.99, "B", "SMD", "$3N312", "", "R", 27.56, 51.18, 0, 0],
		[188, "TERM1_4", 802.13, 435.39, "B", "SMD", "TERM1_4", "", "R", 29.53, 35.43, 0, 0],
		[189, "TERM1_5", 802.13, 522.01, "B", "SMD", "TERM1_5", "", "R", 29.53, 35.43, 0, 0],
		[190, "TERM1_6", 567.87, 522.01, "B", "SMD", "TERM1_6", "", "R", 29.53, 35.43, 0, 0],
		[191, "TERM1_7", 567.87, 435.39, "B", "SMD", "TERM1_7", "", "R", 29.53, 35.43, 0, 0],
		[192, "U1_1", 1525.19, -504.49, "B", "SMD", "GND", "GND", "R", 59.05, 35.43, 0, 90],
		[193, "U1_2", 1475.19, -504.49, "B", "SMD", "+3V3", "", "R", 59.05, 35.43, 0, 90],
		[194, "U1_3", 1425.19, -504.49, "B", "SMD", "EN", "", "R", 59.05, 35.43, 0, 90],
		[195, "U1_4", 1375.19, -504.49, "B", "SMD", "LED", "", "R", 59.05, 35.43, 0, 90],
		[196, "U1_5", 1325.19, -504.49, "B", "SMD", "DIN", "", "R", 59.05, 35.43, 0, 90],
		[197, "U1_6", 1275.19, -504.49, "B", "SMD", "SENS1", "", "R", 59.05, 35.43, 0, 90],
		[198, "U1_7", 1225.2, -504.49, "B", "SMD", "SENS2", "", "R", 59.05, 35.43, 0, 90],
		[199, "U1_8", 1175.2, -504.49, "B", "SMD", "U1_8", "", "R", 59.05, 35.43, 0, 90],
		[200, "U1_9", 1125.2, -504.49, "B", "SMD", "U1_9", "", "R", 59.05, 35.43, 0, 90],
		[201, "U1_10", 1075.19, -504.49, "B", "SMD", "U1_10", "", "R", 59.05, 35.43, 0, 90],
		[202, "U1_11", 1025.19, -504.49, "B", "SMD", "U1_11", "", "R", 59.05, 35.43, 0, 90],
		[203, "U1_12", 975.19, -504.49, "B", "SMD", "U1_12", "", "R", 59.05, 35.43, 0, 90],
		[204, "U1_13", 925.19, -504.49, "B", "SMD", "D-", "", "R", 59.05, 35.43, 0, 90],
		[205, "U1_14", 875.19, -504.49, "B", "SMD", "D+", "", "R", 59.05, 35.43, 0, 90],
		[206, "U1_15", 824.81, -435, "B", "SMD", "U1_15", "", "R", 59.05, 35.43, 0, 0],
		[207, "U1_16", 824.81, -385, "B", "SMD", "U1_16", "", "R", 59.05, 35.43, 0, 0],
		[208, "U1_17", 824.81, -335, "B", "SMD", "U1_17", "", "R", 59.05, 35.43, 0, 0],
		[209, "U1_18", 824.81, -285, "B", "SMD", "U1_18", "", "R", 59.05, 35.43, 0, 0],
		[210, "U1_19", 824.81, -235, "B", "SMD", "U1_19", "", "R", 59.05, 35.43, 0, 0],
		[211, "U1_20", 824.81, -185, "B", "SMD", "U1_20", "", "R", 59.05, 35.43, 0, 0],
		[212, "U1_21", 824.81, -135, "B", "SMD", "U1_21", "", "R", 59.05, 35.43, 0, 0],
		[213, "U1_22", 824.81, -85, "B", "SMD", "U1_22", "", "R", 59.05, 35.43, 0, 0],
		[214, "U1_23", 824.81, -35, "B", "SMD", "U1_23", "", "R", 59.05, 35.43, 0, 0],
		[215, "U1_24", 824.81, 15, "B", "SMD", "U1_24", "", "R", 59.05, 35.43, 0, 0],
		[216, "U1_25", 824.81, 65, "B", "SMD", "U1_25", "", "R", 59.05, 35.43, 0, 0],
		[217, "U1_26", 825.99, 115, "B", "SMD", "U1_26", "", "R", 59.05, 35.43, 0, 0],
		[218, "U1_27", 875.19, 184.49, "B", "SMD", "BOOT", "", "R", 59.05, 35.43, 0, 270],
		[219, "U1_28", 925.19, 184.49, "B", "SMD", "CAN_EN", "", "R", 59.05, 35.43, 0, 270],
		[220, "U1_29", 975.19, 184.49, "B", "SMD", "CAN_S", "", "R", 59.05, 35.43, 0, 270],
		[221, "U1_30", 1025.19, 184.49, "B", "SMD", "CAN_RX", "", "R", 59.05, 35.43, 0, 270],
		[222, "U1_31", 1075.19, 184.49, "B", "SMD", "CAN_TX", "", "R", 59.05, 35.43, 0, 270],
		[223, "U1_32", 1125.19, 184.49, "B", "SMD", "TCK", "", "R", 59.05, 35.43, 0, 270],
		[224, "U1_33", 1175.19, 184.49, "B", "SMD", "TDO", "", "R", 59.05, 35.43, 0, 270],
		[225, "U1_34", 1225.19, 184.49, "B", "SMD", "TDI", "", "R", 59.05, 35.43, 0, 270],
		[226, "U1_35", 1275.19, 184.49, "B", "SMD", "TMS", "", "R", 59.05, 35.43, 0, 270],
		[227, "U1_36", 1325.19, 184.49, "B", "SMD", "U1_36", "", "R", 59.05, 35.43, 0, 270],
		[228, "U1_37", 1375.19, 184.49, "B", "SMD", "U1_37", "", "R", 59.05, 35.43, 0, 270],
		[229, "U1_38", 1425.19, 184.49, "B", "SMD", "U1_38", "", "R", 59.05, 35.43, 0, 270],
		[230, "U1_39", 1475.19, 184.49, "B", "SMD", "U1_39", "", "R", 59.05, 35.43, 0, 270],
		[231, "U1_40", 1525.19, 184.49, "B", "SMD", "GND", "GND", "R", 59.05, 35.43, 0, 270],
		[232, "U1_41", 1166.13, -163.94, "B", "SMD", "GND", "GND", "R", 35.43, 35.43, 0, 0],
		[233, "U1_41", 1166.13, -219.06, "B", "SMD", "GND", "GND", "R", 35.43, 35.43, 0, 0],
		[234, "U1_41", 1166.13, -274.18, "B", "SMD", "GND", "GND", "R", 35.43, 35.43, 0, 0],
		[235, "U1_41", 1276.38, -274.18, "B", "SMD", "GND", "GND", "R", 35.43, 35.43, 0, 0],
		[236, "U1_41", 1276.38, -219.06, "B", "SMD", "GND", "GND", "R", 35.43, 35.43, 0, 0],
		[237, "U1_41", 1276.38, -163.94, "B", "SMD", "GND", "GND", "R", 35.43, 35.43, 0, 0],
		[238, "U1_41", 1221.26, -163.94, "B", "SMD", "GND", "GND", "R", 35.43, 35.43, 0, 0],
		[239, "U1_41", 1221.26, -274.18, "B", "SMD", "GND", "GND", "R", 35.43, 35.43, 0, 0],
		[240, "U1_41", 1221.26, -219.06, "B", "SMD", "GND", "GND", "R", 35.43, 35.43, 0, 0],
		[241, "U2_1", -1182.6, -324.88, "T", "SMD", "$2N618", "", "R", 39.37, 21.65, 0, 90],
		[242, "U2_2", -1220, -324.88, "T", "SMD", "GND", "GND", "R", 39.37, 21.65, 0, 90],
		[243, "U2_3", -1257.4, -324.88, "T", "SMD", "$2N622", "", "R", 39.37, 21.65, 0, 90],
		[244, "U2_4", -1257.4, -435.12, "T", "SMD", "VCC", "", "R", 39.37, 21.65, 0, 90],
		[245, "U2_5", -1220, -435.12, "T", "SMD", "VCC", "", "R", 39.37, 21.65, 0, 90],
		[246, "U2_6", -1182.6, -435.12, "T", "SMD", "$2N619", "", "R", 39.37, 21.65, 0, 90],
		[247, "U3_1", -1069.1, 275.8, "T", "SMD", "GND", "GND", "O", 27.56, 74.8, 0, 0],
		[248, "U3_2", -1010, 279.7, "T", "SMD", "+3V3", "", "O", 27.56, 82.68, 0, 0],
		[249, "U3_2", -1010, 374.2, "T", "SMD", "+3V3", "", "O", 78.74, 137.79, 0, 0],
		[250, "U3_3", -950.9, 275.8, "T", "SMD", "+5V", "", "O", 27.56, 74.8, 0, 0],
		[251, "U5_1", 991.4, 346.61, "T", "SMD", "CAN_TX", "", "R", 14, 28, 0, 90],
		[252, "U5_2", 991.4, 372.21, "T", "SMD", "GND", "GND", "R", 14, 28, 0, 90],
		[253, "U5_3", 991.4, 397.8, "T", "SMD", "+5V", "", "R", 14, 28, 0, 90],
		[254, "U5_4", 991.4, 423.39, "T", "SMD", "CAN_RX", "", "R", 14, 28, 0, 90],
		[255, "U5_5", 878.6, 423.39, "T", "SMD", "+3V3", "", "R", 14, 28, 0, 90],
		[256, "U5_6", 878.6, 397.8, "T", "SMD", "CAN_L", "", "R", 14, 28, 0, 90],
		[257, "U5_7", 878.6, 372.21, "T", "SMD", "CAN_H", "", "R", 14, 28, 0, 90],
		[258, "U5_8", 878.6, 346.61, "T", "SMD", "CAN_S", "", "R", 14, 28, 0, 90],
		[259, "U5_9", 935, 385, "T", "SMD", "CAN_EN", "", "R", 94.49, 62.99, 0, 90],
		[260, "U6_1", -1755.33, -338.21, "T", "SMD", "+3V3", "", "R", 39.37, 31.5, 0, 180],
		[261, "U6_2", -1755.33, -263.41, "T", "SMD", "DIN", "", "R", 39.37, 31.5, 0, 180],
		[262, "U6_3", -1845.89, -300.81, "T", "SMD", "DIN5V", "", "R", 39.37, 31.5, 0, 180]
	]
}
}